{
  "tfidf_similarity": {
    "total_pairs": 70,
    "average_similarity": 0.06574390892193656,
    "median_similarity": 0.0,
    "std_similarity": 0.10638211741033685,
    "high_similarity_count": 0,
    "medium_similarity_count": 1,
    "low_similarity_count": 69,
    "similarity_scores": [
      0.39242630023384834,
      0.0,
      0.0,
      0.29726579741908704,
      0.3026079030786025,
      0.07126810973398447,
      0.0,
      0.0,
      0.19408830649949949,
      0.46625404542764076,
      0.05556453241224183,
      0.0,
      0.0,
      0.0,
      0.10260018701603928,
      0.04127125141045891,
      0.15243451929526486,
      0.0,
      0.06577107612761368,
      0.021842405908673743,
      0.03754418227486316,
      0.0,
      0.0,
      0.23156070461127787,
      0.0,
      0.0,
      0.0,
      0.0,
      0.2461236738554233,
      0.0,
      0.0,
      0.03770177576572751,
      0.0,
      0.09085019657204274,
      0.0,
      0.0,
      0.0,
      0.0,
      0.0,
      0.04600442635141758,
      0.0,
      0.0,
      0.0,
      0.037278222149859076,
      0.0,
      0.09816734684719525,
      0.0,
      0.0,
      0.05439978131234795,
      0.31451544684878247,
      0.132121749640505,
      0.235439573742308,
      0.0,
      0.21984753848671465,
      0.0,
      0.05739050507081052,
      0.09526238141515121,
      0.0,
      0.09450632859587,
      0.0,
      0.16230847270266616,
      0.0,
      0.0,
      0.21733554763774254,
      0.0,
      0.0,
      0.030321336091898708,
      0.0,
      0.0,
      0.0
    ]
  },
  "similarity_by_accuracy": {
    "correct_identifications": {
      "count": 58,
      "avg_similarity": 0.07869878348725336,
      "median_similarity": 0.026081871000286225,
      "std_similarity": 0.11250491733564552
    },
    "incorrect_identifications": {
      "count": 12,
      "avg_similarity": 0.003128681856238597,
      "median_similarity": 0.0,
      "std_similarity": 0.010376663805536082
    },
    "similarity_difference": 0.07557010163101475
  },
  "extreme_cases": {
    "lowest_cases": [
      {
        "binary_id": "BIN_036",
        "ground_truth": "Package tool",
        "final_summary": "The binary appears to be a utility or application that heavily relies on the GLib library for various operations. It manages memory dynamically, manipulates strings, handles files and directories, and manages data structures like lists and hash tables. The binary's functionality as a converter is consistent with its imports and strings, which include numerous string manipulation and memory management functions. These are typical for applications that process and convert data.  The binary appears to perform its declared function as a converter without evident malicious behavior. However, the use of potentially dangerous APIs warrants caution, especially in environments where security is a priority. Overall, BIN_036 seems to be a legitimate converter application with typical capabilities for data processing. While there are no immediate red flags, careful monitoring and testing in a controlled environment are recommended to ensure safe operation.",
        "cosine_similarity": 0.0
      },
      {
        "binary_id": "BIN_031",
        "ground_truth": "Build tool",
        "final_summary": "The binary is an ELF 64-bit dynamically linked executable for Linux, indicating it is designed to run on a Linux operating system. It is likely a command-line utility or application. The binary claims to function as a paint editor; however, the presence of several suspicious APIs and functionalities raises concerns about its actual behavior.  The binary includes capabilities that are not typically associated with a paint editor, suggesting that it may have additional, potentially malicious functionalities",
        "cosine_similarity": 0.0
      },
      {
        "binary_id": "BIN_032",
        "ground_truth": "Build system",
        "final_summary": "The binary exhibits behavior that does not fully align with its declared functionality as a drawing tool. While it does include functionalities typical of a drawing application, it also incorporates numerous file and system operations that are atypical for such software.",
        "cosine_similarity": 0.0
      },
      {
        "binary_id": "BIN_034",
        "ground_truth": "Config tool",
        "final_summary": "The binary appears to be a POSIX shell script, likely related to GNU Autoconf, given the references to GNU URLs and Autoconf domains. Its primary functionality seems to involve configuration or setup. The binary is identified as a POSIX shell script, which aligns with its declared functionality as a chart maker. However, the absence of imports and the presence of certain strings suggest it may not fully engage in typical chart-making operations without further context or external dependencies.  The suspicious strings related to \\\"SHELL\\\" could imply potential for command execution, but without further context or evidence of malicious intent, the risk remains moderate. Further analysis or execution in a controlled environment may be necessary to fully understand its behavior and ensure it aligns with its intended functionality. In conclusion, BIN_034 appears to be a benign shell script associated with GNU software, but caution is advised due to the potential for command execution inherent in shell scripts.",
        "cosine_similarity": 0.0
      },
      {
        "binary_id": "BIN_073",
        "ground_truth": "Interpreter",
        "final_summary": "The 'malloc' function is used for dynamic memory allocation, which is not typically required for a simple calculator functionality. The binary claims to function as a calculator; however, the analysis reveals a significant number of imports and functionalities that extend beyond simple arithmetic operations. The presence of various APIs related to memory management, file handling, and network communication suggests that the binary may have additional capabilities or intentions beyond basic calculations.",
        "cosine_similarity": 0.0
      }
    ],
    "highest_cases": [
      {
        "binary_id": "BIN_005",
        "ground_truth": "DNS tool",
        "final_summary": "The binary appears to be involved in DNS operations and network management. It includes functions for DNS query construction, parsing, and manipulation, as well as network communication and socket management. The binary imports several libraries and functions related to DNS operations, network management, and security contexts, which are not typically associated with a simple weather application. This discrepancy suggests that the binary may have additional functionalities beyond its declared purpose",
        "cosine_similarity": 0.29726579741908704
      },
      {
        "binary_id": "BIN_006",
        "ground_truth": "Firewall",
        "final_summary": "The binary appears to be primarily focused on network packet filtering and firewall management, leveraging Netfilter and Xtables operations. It interacts with various libraries such as libnftnl and libxtables to manage firewall rules and packet filtering. The binary's functionality as a game is not immediately evident from the analysis. The presence of numerous network and system interaction functions suggests capabilities beyond typical game operations, potentially indicating additional or alternative purposes. ",
        "cosine_similarity": 0.3026079030786025
      },
      {
        "binary_id": "BIN_051",
        "ground_truth": "File copier",